indicator,critic_weight,equal_weight,pca_abs_loading
conductivity,0.22539720217303855,0.25,0.24310337009327412
S_pH,0.27027244770030356,0.25,0.19588763257082925
W_1,0.33060091924090257,0.25,0.3185779219718776
R_W,0.17372943088575518,0.25,0.24243107536401895
